step,run_id,timestamp,name,num_citizens="200",num_corporate_media="3",num_influencers="5",num_government="1",network_type="small_world",steps="75",simulationName="large-network-3",truth_seeking_mean="0",truth_seeking_std="2.5",confirmation_bias_min="3",confirmation_bias_max="8",critical_thinking_min="3",critical_thinking_max="8",social_conformity_min="3",social_conformity_max="8",initial_trust_in_corporate="5",initial_trust_in_influencers="5",initial_trust_in_government="5",corporate_bias_min="-3",corporate_bias_max="3",truth_commitment_corporate="6",corporate_publication_rate="1",corporate_influence_reach="0.7",influencer_bias_min="-4",influencer_bias_max="4",truth_commitment_influencer="4",influencer_publication_rate="1",influencer_influence_reach="0.5",government_bias="1",truth_commitment_government="5",government_publication_rate="1",government_influence_reach="0.6",small_world_k="4",small_world_p="0.1",scale_free_m="3",random_p="0.1",avg_trust_corporate,avg_trust_government,avg_trust_influencer,avg_truth_assessment,trust_var_corporate,trust_var_government,trust_var_influencer
0,run_1745358560,2025-04-22 17:49:20,large-network-3,"200","3","5","1","small_world","75","large-network-3","0","2.5","3","8","3","8","3","8","5","5","5","-3","3","6","1","0.7","-4","4","4","1","0.5","1","5","1","0.6","4","0.1","3","0.1",5.011471465266669,5.130660408300916,4.926934754854809,0.5243540297622541,0.00016686015764255394,0.020761513906718355,0.010464774576391984
1,run_1745358560,2025-04-22 17:49:20,large-network-3,"200","3","5","1","small_world","75","large-network-3","0","2.5","3","8","3","8","3","8","5","5","5","-3","3","6","1","0.7","-4","4","4","1","0.5","1","5","1","0.6","4","0.1","3","0.1",5.012177751512077,5.135753701510546,4.91164097580495,0.5233140177847825,0.00017027806809433437,0.020711626316429182,0.011389540755528182
2,run_1745358560,2025-04-22 17:49:20,large-network-3,"200","3","5","1","small_world","75","large-network-3","0","2.5","3","8","3","8","3","8","5","5","5","-3","3","6","1","0.7","-4","4","4","1","0.5","1","5","1","0.6","4","0.1","3","0.1",5.012177751512077,5.135753701510546,4.903908939321716,0.5223976558048891,0.00017027806809433437,0.020711626316429182,0.011693226672931344
3,run_1745358560,2025-04-22 17:49:20,large-network-3,"200","3","5","1","small_world","75","large-network-3","0","2.5","3","8","3","8","3","8","5","5","5","-3","3","6","1","0.7","-4","4","4","1","0.5","1","5","1","0.6","4","0.1","3","0.1",5.012177751512077,5.136858317334688,4.89495079274853,0.5217887996827237,0.00017027806809433437,0.02065452999035045,0.011920899836850147
4,run_1745358560,2025-04-22 17:49:20,large-network-3,"200","3","5","1","small_world","75","large-network-3","0","2.5","3","8","3","8","3","8","5","5","5","-3","3","6","1","0.7","-4","4","4","1","0.5","1","5","1","0.6","4","0.1","3","0.1",5.012177751512077,5.139822430822154,4.893782497109072,0.521772034345046,0.00017027806809433437,0.020725216873845743,0.011947060800863355
5,run_1745358560,2025-04-22 17:49:20,large-network-3,"200","3","5","1","small_world","75","large-network-3","0","2.5","3","8","3","8","3","8","5","5","5","-3","3","6","1","0.7","-4","4","4","1","0.5","1","5","1","0.6","4","0.1","3","0.1",5.01230216040761,5.142720522920179,4.893782497109072,0.5216502282151025,0.00017032806394720018,0.02074912942627674,0.011947060800863355
6,run_1745358560,2025-04-22 17:49:20,large-network-3,"200","3","5","1","small_world","75","large-network-3","0","2.5","3","8","3","8","3","8","5","5","5","-3","3","6","1","0.7","-4","4","4","1","0.5","1","5","1","0.6","4","0.1","3","0.1",5.012598489728158,5.142720522920179,4.891881527877054,0.5214949869659439,0.00017174593597264406,0.02074912942627674,0.011900991924710195
7,run_1745358560,2025-04-22 17:49:20,large-network-3,"200","3","5","1","small_world","75","large-network-3","0","2.5","3","8","3","8","3","8","5","5","5","-3","3","6","1","0.7","-4","4","4","1","0.5","1","5","1","0.6","4","0.1","3","0.1",5.012856384925522,5.142720522920179,4.891881527877054,0.5217529204400456,0.0001719392027762193,0.02074912942627674,0.011900991924710195
8,run_1745358560,2025-04-22 17:49:20,large-network-3,"200","3","5","1","small_world","75","large-network-3","0","2.5","3","8","3","8","3","8","5","5","5","-3","3","6","1","0.7","-4","4","4","1","0.5","1","5","1","0.6","4","0.1","3","0.1",5.012856384925522,5.144345519964702,4.889802377822174,0.5216067901414758,0.0001719392027762193,0.020810771033947673,0.011880682707827711
9,run_1745358560,2025-04-22 17:49:20,large-network-3,"200","3","5","1","small_world","75","large-network-3","0","2.5","3","8","3","8","3","8","5","5","5","-3","3","6","1","0.7","-4","4","4","1","0.5","1","5","1","0.6","4","0.1","3","0.1",5.012856384925522,5.144345519964702,4.889802377822174,0.5215902322301731,0.0001719392027762193,0.020810771033947673,0.011880682707827711
10,run_1745358560,2025-04-22 17:49:20,large-network-3,"200","3","5","1","small_world","75","large-network-3","0","2.5","3","8","3","8","3","8","5","5","5","-3","3","6","1","0.7","-4","4","4","1","0.5","1","5","1","0.6","4","0.1","3","0.1",5.013008785961651,5.147196059073829,4.889802377822174,0.5214544755123864,0.00017264253909596942,0.020827612745259735,0.011880682707827711
11,run_1745358560,2025-04-22 17:49:20,large-network-3,"200","3","5","1","small_world","75","large-network-3","0","2.5","3","8","3","8","3","8","5","5","5","-3","3","6","1","0.7","-4","4","4","1","0.5","1","5","1","0.6","4","0.1","3","0.1",5.013283367926563,5.147196059073829,4.889802377822174,0.5214622873452902,0.0001729627419031362,0.020827612745259735,0.011880682707827711
12,run_1745358560,2025-04-22 17:49:20,large-network-3,"200","3","5","1","small_world","75","large-network-3","0","2.5","3","8","3","8","3","8","5","5","5","-3","3","6","1","0.7","-4","4","4","1","0.5","1","5","1","0.6","4","0.1","3","0.1",5.013283367926563,5.147196059073829,4.889802377822174,0.5213985607595221,0.0001729627419031362,0.020827612745259735,0.011880682707827711
13,run_1745358560,2025-04-22 17:49:20,large-network-3,"200","3","5","1","small_world","75","large-network-3","0","2.5","3","8","3","8","3","8","5","5","5","-3","3","6","1","0.7","-4","4","4","1","0.5","1","5","1","0.6","4","0.1","3","0.1",5.013283367926563,5.147196059073829,4.888496150518645,0.5211284266997023,0.0001729627419031362,0.020827612745259735,0.01193233614601096
14,run_1745358560,2025-04-22 17:49:20,large-network-3,"200","3","5","1","small_world","75","large-network-3","0","2.5","3","8","3","8","3","8","5","5","5","-3","3","6","1","0.7","-4","4","4","1","0.5","1","5","1","0.6","4","0.1","3","0.1",5.013283367926563,5.147196059073829,4.887249049429898,0.52086695342223,0.0001729627419031362,0.020827612745259735,0.011963719965820558
15,run_1745358560,2025-04-22 17:49:20,large-network-3,"200","3","5","1","small_world","75","large-network-3","0","2.5","3","8","3","8","3","8","5","5","5","-3","3","6","1","0.7","-4","4","4","1","0.5","1","5","1","0.6","4","0.1","3","0.1",5.013283367926563,5.151478823065081,4.887249049429898,0.5209671440992669,0.0001729627419031362,0.020784051674812357,0.011963719965820558
16,run_1745358560,2025-04-22 17:49:20,large-network-3,"200","3","5","1","small_world","75","large-network-3","0","2.5","3","8","3","8","3","8","5","5","5","-3","3","6","1","0.7","-4","4","4","1","0.5","1","5","1","0.6","4","0.1","3","0.1",5.013283367926563,5.151478823065081,4.887249049429898,0.520867824615686,0.0001729627419031362,0.020784051674812357,0.011963719965820558
17,run_1745358560,2025-04-22 17:49:20,large-network-3,"200","3","5","1","small_world","75","large-network-3","0","2.5","3","8","3","8","3","8","5","5","5","-3","3","6","1","0.7","-4","4","4","1","0.5","1","5","1","0.6","4","0.1","3","0.1",5.013283367926563,5.151478823065081,4.887249049429898,0.5207661412662634,0.0001729627419031362,0.020784051674812357,0.011963719965820558
18,run_1745358560,2025-04-22 17:49:20,large-network-3,"200","3","5","1","small_world","75","large-network-3","0","2.5","3","8","3","8","3","8","5","5","5","-3","3","6","1","0.7","-4","4","4","1","0.5","1","5","1","0.6","4","0.1","3","0.1",5.013283367926563,5.151478823065081,4.887249049429898,0.5206629911645292,0.0001729627419031362,0.020784051674812357,0.011963719965820558
19,run_1745358560,2025-04-22 17:49:20,large-network-3,"200","3","5","1","small_world","75","large-network-3","0","2.5","3","8","3","8","3","8","5","5","5","-3","3","6","1","0.7","-4","4","4","1","0.5","1","5","1","0.6","4","0.1","3","0.1",5.013283367926563,5.151478823065081,4.887249049429898,0.5205591036033135,0.0001729627419031362,0.020784051674812357,0.011963719965820558
20,run_1745358560,2025-04-22 17:49:20,large-network-3,"200","3","5","1","small_world","75","large-network-3","0","2.5","3","8","3","8","3","8","5","5","5","-3","3","6","1","0.7","-4","4","4","1","0.5","1","5","1","0.6","4","0.1","3","0.1",5.013283367926563,5.153183233513895,4.887249049429898,0.5203588882101079,0.0001729627419031362,0.02084578547782716,0.011963719965820558
21,run_1745358560,2025-04-22 17:49:20,large-network-3,"200","3","5","1","small_world","75","large-network-3","0","2.5","3","8","3","8","3","8","5","5","5","-3","3","6","1","0.7","-4","4","4","1","0.5","1","5","1","0.6","4","0.1","3","0.1",5.013283367926563,5.153183233513895,4.887249049429898,0.5202535162010697,0.0001729627419031362,0.02084578547782716,0.011963719965820558
22,run_1745358560,2025-04-22 17:49:20,large-network-3,"200","3","5","1","small_world","75","large-network-3","0","2.5","3","8","3","8","3","8","5","5","5","-3","3","6","1","0.7","-4","4","4","1","0.5","1","5","1","0.6","4","0.1","3","0.1",5.013283367926563,5.153183233513895,4.887249049429898,0.5201493978938925,0.0001729627419031362,0.02084578547782716,0.011963719965820558
23,run_1745358560,2025-04-22 17:49:20,large-network-3,"200","3","5","1","small_world","75","large-network-3","0","2.5","3","8","3","8","3","8","5","5","5","-3","3","6","1","0.7","-4","4","4","1","0.5","1","5","1","0.6","4","0.1","3","0.1",5.013283367926563,5.153183233513895,4.887249049429898,0.5200467452326701,0.0001729627419031362,0.02084578547782716,0.011963719965820558
24,run_1745358560,2025-04-22 17:49:20,large-network-3,"200","3","5","1","small_world","75","large-network-3","0","2.5","3","8","3","8","3","8","5","5","5","-3","3","6","1","0.7","-4","4","4","1","0.5","1","5","1","0.6","4","0.1","3","0.1",5.013418412035173,5.153183233513895,4.887249049429898,0.519882557847331,0.00017300420608393674,0.02084578547782716,0.011963719965820558
25,run_1745358560,2025-04-22 17:49:20,large-network-3,"200","3","5","1","small_world","75","large-network-3","0","2.5","3","8","3","8","3","8","5","5","5","-3","3","6","1","0.7","-4","4","4","1","0.5","1","5","1","0.6","4","0.1","3","0.1",5.013418412035173,5.153183233513895,4.887249049429898,0.5197796462801524,0.00017300420608393674,0.02084578547782716,0.011963719965820558
26,run_1745358560,2025-04-22 17:49:20,large-network-3,"200","3","5","1","small_world","75","large-network-3","0","2.5","3","8","3","8","3","8","5","5","5","-3","3","6","1","0.7","-4","4","4","1","0.5","1","5","1","0.6","4","0.1","3","0.1",5.0135364778982225,5.153183233513895,4.887249049429898,0.519568683476374,0.00017260966334408282,0.02084578547782716,0.011963719965820558
27,run_1745358560,2025-04-22 17:49:20,large-network-3,"200","3","5","1","small_world","75","large-network-3","0","2.5","3","8","3","8","3","8","5","5","5","-3","3","6","1","0.7","-4","4","4","1","0.5","1","5","1","0.6","4","0.1","3","0.1",5.0135364778982225,5.153183233513895,4.887249049429898,0.5194750712293805,0.00017260966334408282,0.02084578547782716,0.011963719965820558
28,run_1745358560,2025-04-22 17:49:20,large-network-3,"200","3","5","1","small_world","75","large-network-3","0","2.5","3","8","3","8","3","8","5","5","5","-3","3","6","1","0.7","-4","4","4","1","0.5","1","5","1","0.6","4","0.1","3","0.1",5.0135364778982225,5.153183233513895,4.887249049429898,0.5193827988651204,0.00017260966334408282,0.02084578547782716,0.011963719965820558
29,run_1745358560,2025-04-22 17:49:20,large-network-3,"200","3","5","1","small_world","75","large-network-3","0","2.5","3","8","3","8","3","8","5","5","5","-3","3","6","1","0.7","-4","4","4","1","0.5","1","5","1","0.6","4","0.1","3","0.1",5.0135364778982225,5.153183233513895,4.887249049429898,0.5192919835718927,0.00017260966334408282,0.02084578547782716,0.011963719965820558
30,run_1745358560,2025-04-22 17:49:20,large-network-3,"200","3","5","1","small_world","75","large-network-3","0","2.5","3","8","3","8","3","8","5","5","5","-3","3","6","1","0.7","-4","4","4","1","0.5","1","5","1","0.6","4","0.1","3","0.1",5.0135364778982225,5.154910014060809,4.887249049429898,0.5192559410257335,0.00017260966334408282,0.02091013026271929,0.011963719965820558
31,run_1745358560,2025-04-22 17:49:20,large-network-3,"200","3","5","1","small_world","75","large-network-3","0","2.5","3","8","3","8","3","8","5","5","5","-3","3","6","1","0.7","-4","4","4","1","0.5","1","5","1","0.6","4","0.1","3","0.1",5.0135364778982225,5.154910014060809,4.887249049429898,0.5191687091327757,0.00017260966334408282,0.02091013026271929,0.011963719965820558
32,run_1745358560,2025-04-22 17:49:20,large-network-3,"200","3","5","1","small_world","75","large-network-3","0","2.5","3","8","3","8","3","8","5","5","5","-3","3","6","1","0.7","-4","4","4","1","0.5","1","5","1","0.6","4","0.1","3","0.1",5.0135364778982225,5.154910014060809,4.887249049429898,0.5190832788619412,0.00017260966334408282,0.02091013026271929,0.011963719965820558
33,run_1745358560,2025-04-22 17:49:20,large-network-3,"200","3","5","1","small_world","75","large-network-3","0","2.5","3","8","3","8","3","8","5","5","5","-3","3","6","1","0.7","-4","4","4","1","0.5","1","5","1","0.6","4","0.1","3","0.1",5.0135364778982225,5.154910014060809,4.887249049429898,0.5189996141122789,0.00017260966334408282,0.02091013026271929,0.011963719965820558
34,run_1745358560,2025-04-22 17:49:20,large-network-3,"200","3","5","1","small_world","75","large-network-3","0","2.5","3","8","3","8","3","8","5","5","5","-3","3","6","1","0.7","-4","4","4","1","0.5","1","5","1","0.6","4","0.1","3","0.1",5.0135364778982225,5.154910014060809,4.887249049429898,0.5189176755307573,0.00017260966334408282,0.02091013026271929,0.011963719965820558
35,run_1745358560,2025-04-22 17:49:20,large-network-3,"200","3","5","1","small_world","75","large-network-3","0","2.5","3","8","3","8","3","8","5","5","5","-3","3","6","1","0.7","-4","4","4","1","0.5","1","5","1","0.6","4","0.1","3","0.1",5.0135364778982225,5.154910014060809,4.887249049429898,0.518837421376707,0.00017260966334408282,0.02091013026271929,0.011963719965820558
36,run_1745358560,2025-04-22 17:49:20,large-network-3,"200","3","5","1","small_world","75","large-network-3","0","2.5","3","8","3","8","3","8","5","5","5","-3","3","6","1","0.7","-4","4","4","1","0.5","1","5","1","0.6","4","0.1","3","0.1",5.0135364778982225,5.154910014060809,4.887249049429898,0.5187588082352309,0.00017260966334408282,0.02091013026271929,0.011963719965820558
37,run_1745358560,2025-04-22 17:49:20,large-network-3,"200","3","5","1","small_world","75","large-network-3","0","2.5","3","8","3","8","3","8","5","5","5","-3","3","6","1","0.7","-4","4","4","1","0.5","1","5","1","0.6","4","0.1","3","0.1",5.0135364778982225,5.154910014060809,4.887249049429898,0.518681791605856,0.00017260966334408282,0.02091013026271929,0.011963719965820558
38,run_1745358560,2025-04-22 17:49:20,large-network-3,"200","3","5","1","small_world","75","large-network-3","0","2.5","3","8","3","8","3","8","5","5","5","-3","3","6","1","0.7","-4","4","4","1","0.5","1","5","1","0.6","4","0.1","3","0.1",5.0135364778982225,5.154910014060809,4.887249049429898,0.5186063263876919,0.00017260966334408282,0.02091013026271929,0.011963719965820558
39,run_1745358560,2025-04-22 17:49:20,large-network-3,"200","3","5","1","small_world","75","large-network-3","0","2.5","3","8","3","8","3","8","5","5","5","-3","3","6","1","0.7","-4","4","4","1","0.5","1","5","1","0.6","4","0.1","3","0.1",5.0135364778982225,5.154910014060809,4.887249049429898,0.5185323672784077,0.00017260966334408282,0.02091013026271929,0.011963719965820558
40,run_1745358560,2025-04-22 17:49:20,large-network-3,"200","3","5","1","small_world","75","large-network-3","0","2.5","3","8","3","8","3","8","5","5","5","-3","3","6","1","0.7","-4","4","4","1","0.5","1","5","1","0.6","4","0.1","3","0.1",5.0135364778982225,5.154910014060809,4.887249049429898,0.5184598691011976,0.00017260966334408282,0.02091013026271929,0.011963719965820558
41,run_1745358560,2025-04-22 17:49:20,large-network-3,"200","3","5","1","small_world","75","large-network-3","0","2.5","3","8","3","8","3","8","5","5","5","-3","3","6","1","0.7","-4","4","4","1","0.5","1","5","1","0.6","4","0.1","3","0.1",5.0135364778982225,5.154910014060809,4.887249049429898,0.5183887870713965,0.00017260966334408282,0.02091013026271929,0.011963719965820558
42,run_1745358560,2025-04-22 17:49:20,large-network-3,"200","3","5","1","small_world","75","large-network-3","0","2.5","3","8","3","8","3","8","5","5","5","-3","3","6","1","0.7","-4","4","4","1","0.5","1","5","1","0.6","4","0.1","3","0.1",5.0135364778982225,5.154910014060809,4.887249049429898,0.5183190770123939,0.00017260966334408282,0.02091013026271929,0.011963719965820558
43,run_1745358560,2025-04-22 17:49:20,large-network-3,"200","3","5","1","small_world","75","large-network-3","0","2.5","3","8","3","8","3","8","5","5","5","-3","3","6","1","0.7","-4","4","4","1","0.5","1","5","1","0.6","4","0.1","3","0.1",5.0135364778982225,5.154910014060809,4.887249049429898,0.5182506955288754,0.00017260966334408282,0.02091013026271929,0.011963719965820558
44,run_1745358560,2025-04-22 17:49:20,large-network-3,"200","3","5","1","small_world","75","large-network-3","0","2.5","3","8","3","8","3","8","5","5","5","-3","3","6","1","0.7","-4","4","4","1","0.5","1","5","1","0.6","4","0.1","3","0.1",5.0135364778982225,5.154910014060809,4.887249049429898,0.5181836001440978,0.00017260966334408282,0.02091013026271929,0.011963719965820558
45,run_1745358560,2025-04-22 17:49:20,large-network-3,"200","3","5","1","small_world","75","large-network-3","0","2.5","3","8","3","8","3","8","5","5","5","-3","3","6","1","0.7","-4","4","4","1","0.5","1","5","1","0.6","4","0.1","3","0.1",5.0135364778982225,5.154910014060809,4.887249049429898,0.518117749406834,0.00017260966334408282,0.02091013026271929,0.011963719965820558
46,run_1745358560,2025-04-22 17:49:20,large-network-3,"200","3","5","1","small_world","75","large-network-3","0","2.5","3","8","3","8","3","8","5","5","5","-3","3","6","1","0.7","-4","4","4","1","0.5","1","5","1","0.6","4","0.1","3","0.1",5.0135364778982225,5.154910014060809,4.887249049429898,0.5180531029727374,0.00017260966334408282,0.02091013026271929,0.011963719965820558
47,run_1745358560,2025-04-22 17:49:20,large-network-3,"200","3","5","1","small_world","75","large-network-3","0","2.5","3","8","3","8","3","8","5","5","5","-3","3","6","1","0.7","-4","4","4","1","0.5","1","5","1","0.6","4","0.1","3","0.1",5.0135364778982225,5.154910014060809,4.887249049429898,0.517989621664145,0.00017260966334408282,0.02091013026271929,0.011963719965820558
48,run_1745358560,2025-04-22 17:49:20,large-network-3,"200","3","5","1","small_world","75","large-network-3","0","2.5","3","8","3","8","3","8","5","5","5","-3","3","6","1","0.7","-4","4","4","1","0.5","1","5","1","0.6","4","0.1","3","0.1",5.0135364778982225,5.154910014060809,4.887249049429898,0.5179272675117358,0.00017260966334408282,0.02091013026271929,0.011963719965820558
49,run_1745358560,2025-04-22 17:49:20,large-network-3,"200","3","5","1","small_world","75","large-network-3","0","2.5","3","8","3","8","3","8","5","5","5","-3","3","6","1","0.7","-4","4","4","1","0.5","1","5","1","0.6","4","0.1","3","0.1",5.0135364778982225,5.154910014060809,4.887249049429898,0.5178660037809478,0.00017260966334408282,0.02091013026271929,0.011963719965820558
50,run_1745358560,2025-04-22 17:49:20,large-network-3,"200","3","5","1","small_world","75","large-network-3","0","2.5","3","8","3","8","3","8","5","5","5","-3","3","6","1","0.7","-4","4","4","1","0.5","1","5","1","0.6","4","0.1","3","0.1",5.0135364778982225,5.154910014060809,4.887249049429898,0.5178057949856381,0.00017260966334408282,0.02091013026271929,0.011963719965820558
51,run_1745358560,2025-04-22 17:49:20,large-network-3,"200","3","5","1","small_world","75","large-network-3","0","2.5","3","8","3","8","3","8","5","5","5","-3","3","6","1","0.7","-4","4","4","1","0.5","1","5","1","0.6","4","0.1","3","0.1",5.0135364778982225,5.154910014060809,4.887249049429898,0.5177466068911021,0.00017260966334408282,0.02091013026271929,0.011963719965820558
52,run_1745358560,2025-04-22 17:49:20,large-network-3,"200","3","5","1","small_world","75","large-network-3","0","2.5","3","8","3","8","3","8","5","5","5","-3","3","6","1","0.7","-4","4","4","1","0.5","1","5","1","0.6","4","0.1","3","0.1",5.01367230028074,5.154910014060809,4.887249049429898,0.5176922957071406,0.000172603646184971,0.02091013026271929,0.011963719965820558
53,run_1745358560,2025-04-22 17:49:20,large-network-3,"200","3","5","1","small_world","75","large-network-3","0","2.5","3","8","3","8","3","8","5","5","5","-3","3","6","1","0.7","-4","4","4","1","0.5","1","5","1","0.6","4","0.1","3","0.1",5.01367230028074,5.154910014060809,4.887249049429898,0.5176349906901256,0.000172603646184971,0.02091013026271929,0.011963719965820558
54,run_1745358560,2025-04-22 17:49:20,large-network-3,"200","3","5","1","small_world","75","large-network-3","0","2.5","3","8","3","8","3","8","5","5","5","-3","3","6","1","0.7","-4","4","4","1","0.5","1","5","1","0.6","4","0.1","3","0.1",5.0138025987365324,5.154910014060809,4.887249049429898,0.5174837807398701,0.00017241924678634488,0.02091013026271929,0.011963719965820558
55,run_1745358560,2025-04-22 17:49:20,large-network-3,"200","3","5","1","small_world","75","large-network-3","0","2.5","3","8","3","8","3","8","5","5","5","-3","3","6","1","0.7","-4","4","4","1","0.5","1","5","1","0.6","4","0.1","3","0.1",5.0138025987365324,5.154910014060809,4.887249049429898,0.5174379427952495,0.00017241924678634488,0.02091013026271929,0.011963719965820558
56,run_1745358560,2025-04-22 17:49:20,large-network-3,"200","3","5","1","small_world","75","large-network-3","0","2.5","3","8","3","8","3","8","5","5","5","-3","3","6","1","0.7","-4","4","4","1","0.5","1","5","1","0.6","4","0.1","3","0.1",5.0138025987365324,5.154910014060809,4.887249049429898,0.5173917539375082,0.00017241924678634488,0.02091013026271929,0.011963719965820558
57,run_1745358560,2025-04-22 17:49:20,large-network-3,"200","3","5","1","small_world","75","large-network-3","0","2.5","3","8","3","8","3","8","5","5","5","-3","3","6","1","0.7","-4","4","4","1","0.5","1","5","1","0.6","4","0.1","3","0.1",5.0138025987365324,5.154910014060809,4.887249049429898,0.5173453453363663,0.00017241924678634488,0.02091013026271929,0.011963719965820558
58,run_1745358560,2025-04-22 17:49:20,large-network-3,"200","3","5","1","small_world","75","large-network-3","0","2.5","3","8","3","8","3","8","5","5","5","-3","3","6","1","0.7","-4","4","4","1","0.5","1","5","1","0.6","4","0.1","3","0.1",5.0138025987365324,5.154910014060809,4.887249049429898,0.5172988282668878,0.00017241924678634488,0.02091013026271929,0.011963719965820558
59,run_1745358560,2025-04-22 17:49:20,large-network-3,"200","3","5","1","small_world","75","large-network-3","0","2.5","3","8","3","8","3","8","5","5","5","-3","3","6","1","0.7","-4","4","4","1","0.5","1","5","1","0.6","4","0.1","3","0.1",5.013933847499232,5.154910014060809,4.887249049429898,0.517262804189169,0.00017222412007826933,0.02091013026271929,0.011963719965820558
60,run_1745358560,2025-04-22 17:49:20,large-network-3,"200","3","5","1","small_world","75","large-network-3","0","2.5","3","8","3","8","3","8","5","5","5","-3","3","6","1","0.7","-4","4","4","1","0.5","1","5","1","0.6","4","0.1","3","0.1",5.013933847499232,5.154910014060809,4.887249049429898,0.5172159197943798,0.00017222412007826933,0.02091013026271929,0.011963719965820558
61,run_1745358560,2025-04-22 17:49:20,large-network-3,"200","3","5","1","small_world","75","large-network-3","0","2.5","3","8","3","8","3","8","5","5","5","-3","3","6","1","0.7","-4","4","4","1","0.5","1","5","1","0.6","4","0.1","3","0.1",5.013933847499232,5.154910014060809,4.887249049429898,0.5171692288471956,0.00017222412007826933,0.02091013026271929,0.011963719965820558
62,run_1745358560,2025-04-22 17:49:20,large-network-3,"200","3","5","1","small_world","75","large-network-3","0","2.5","3","8","3","8","3","8","5","5","5","-3","3","6","1","0.7","-4","4","4","1","0.5","1","5","1","0.6","4","0.1","3","0.1",5.013933847499232,5.154910014060809,4.887249049429898,0.5171227765095145,0.00017222412007826933,0.02091013026271929,0.011963719965820558
63,run_1745358560,2025-04-22 17:49:20,large-network-3,"200","3","5","1","small_world","75","large-network-3","0","2.5","3","8","3","8","3","8","5","5","5","-3","3","6","1","0.7","-4","4","4","1","0.5","1","5","1","0.6","4","0.1","3","0.1",5.013933847499232,5.154910014060809,4.887249049429898,0.5170766007191101,0.00017222412007826933,0.02091013026271929,0.011963719965820558
64,run_1745358560,2025-04-22 17:49:20,large-network-3,"200","3","5","1","small_world","75","large-network-3","0","2.5","3","8","3","8","3","8","5","5","5","-3","3","6","1","0.7","-4","4","4","1","0.5","1","5","1","0.6","4","0.1","3","0.1",5.013933847499232,5.154910014060809,4.887249049429898,0.51703073313528,0.00017222412007826933,0.02091013026271929,0.011963719965820558
65,run_1745358560,2025-04-22 17:49:20,large-network-3,"200","3","5","1","small_world","75","large-network-3","0","2.5","3","8","3","8","3","8","5","5","5","-3","3","6","1","0.7","-4","4","4","1","0.5","1","5","1","0.6","4","0.1","3","0.1",5.013933847499232,5.154910014060809,4.887249049429898,0.5169851999680307,0.00017222412007826933,0.02091013026271929,0.011963719965820558
66,run_1745358560,2025-04-22 17:49:20,large-network-3,"200","3","5","1","small_world","75","large-network-3","0","2.5","3","8","3","8","3","8","5","5","5","-3","3","6","1","0.7","-4","4","4","1","0.5","1","5","1","0.6","4","0.1","3","0.1",5.013933847499232,5.154910014060809,4.887249049429898,0.5169400227045015,0.00017222412007826933,0.02091013026271929,0.011963719965820558
67,run_1745358560,2025-04-22 17:49:20,large-network-3,"200","3","5","1","small_world","75","large-network-3","0","2.5","3","8","3","8","3","8","5","5","5","-3","3","6","1","0.7","-4","4","4","1","0.5","1","5","1","0.6","4","0.1","3","0.1",5.013933847499232,5.154910014060809,4.887249049429898,0.5168952187448148,0.00017222412007826933,0.02091013026271929,0.011963719965820558
68,run_1745358560,2025-04-22 17:49:20,large-network-3,"200","3","5","1","small_world","75","large-network-3","0","2.5","3","8","3","8","3","8","5","5","5","-3","3","6","1","0.7","-4","4","4","1","0.5","1","5","1","0.6","4","0.1","3","0.1",5.013933847499232,5.154910014060809,4.887249049429898,0.5168508019581742,0.00017222412007826933,0.02091013026271929,0.011963719965820558
69,run_1745358560,2025-04-22 17:49:20,large-network-3,"200","3","5","1","small_world","75","large-network-3","0","2.5","3","8","3","8","3","8","5","5","5","-3","3","6","1","0.7","-4","4","4","1","0.5","1","5","1","0.6","4","0.1","3","0.1",5.013933847499232,5.154910014060809,4.887249049429898,0.5168067831688055,0.00017222412007826933,0.02091013026271929,0.011963719965820558
70,run_1745358560,2025-04-22 17:49:20,large-network-3,"200","3","5","1","small_world","75","large-network-3","0","2.5","3","8","3","8","3","8","5","5","5","-3","3","6","1","0.7","-4","4","4","1","0.5","1","5","1","0.6","4","0.1","3","0.1",5.013933847499232,5.154910014060809,4.887249049429898,0.5167631705802345,0.00017222412007826933,0.02091013026271929,0.011963719965820558
71,run_1745358560,2025-04-22 17:49:20,large-network-3,"200","3","5","1","small_world","75","large-network-3","0","2.5","3","8","3","8","3","8","5","5","5","-3","3","6","1","0.7","-4","4","4","1","0.5","1","5","1","0.6","4","0.1","3","0.1",5.013933847499232,5.154910014060809,4.887249049429898,0.5167199701454117,0.00017222412007826933,0.02091013026271929,0.011963719965820558
72,run_1745358560,2025-04-22 17:49:20,large-network-3,"200","3","5","1","small_world","75","large-network-3","0","2.5","3","8","3","8","3","8","5","5","5","-3","3","6","1","0.7","-4","4","4","1","0.5","1","5","1","0.6","4","0.1","3","0.1",5.013933847499232,5.154910014060809,4.887249049429898,0.5166771858893153,0.00017222412007826933,0.02091013026271929,0.011963719965820558
73,run_1745358560,2025-04-22 17:49:20,large-network-3,"200","3","5","1","small_world","75","large-network-3","0","2.5","3","8","3","8","3","8","5","5","5","-3","3","6","1","0.7","-4","4","4","1","0.5","1","5","1","0.6","4","0.1","3","0.1",5.013933847499232,5.154910014060809,4.887249049429898,0.5166348201898839,0.00017222412007826933,0.02091013026271929,0.011963719965820558
74,run_1745358560,2025-04-22 17:49:20,large-network-3,"200","3","5","1","small_world","75","large-network-3","0","2.5","3","8","3","8","3","8","5","5","5","-3","3","6","1","0.7","-4","4","4","1","0.5","1","5","1","0.6","4","0.1","3","0.1",5.013933847499232,5.154910014060809,4.887249049429898,0.5165928740224338,0.00017222412007826933,0.02091013026271929,0.011963719965820558
